{
  "generation": 2,
  "fitness": 21065.333333333332,
  "weights": {
    "empty": 3.49668322168316,
    "monotonicity": 9.354303529296818,
    "smoothness": 3.991884629669456,
    "merge_potential": 3.27451384792381,
    "max_tile": -2.4976175226317583,
    "sum_tiles": -1.7679910288875273
  }
}