{
  "generation": 4,
  "fitness": 26221.333333333332,
  "weights": {
    "empty": 9.18191097890691,
    "monotonicity": 3.4998728769079577,
    "smoothness": 9.495275614143338,
    "merge_potential": 5.560845556808049,
    "max_tile": 2.3999251167220734,
    "sum_tiles": 2.7065326055500876
  }
}