{
  "generation": 10,
  "fitness": 26314.666666666668,
  "weights": {
    "empty": 9.18191097890691,
    "monotonicity": 3.2071013090514846,
    "smoothness": 4.8140037007289465,
    "merge_potential": 5.560845556808049,
    "max_tile": 2.4487133689206324,
    "sum_tiles": 2.5921211312029055
  }
}