{
  "generation": 3,
  "fitness": 23242.666666666668,
  "weights": {
    "empty": 9.18191097890691,
    "monotonicity": 3.4998728769079577,
    "smoothness": 4.8140037007289465,
    "merge_potential": -1.3187273256605607,
    "max_tile": 3.981785507402094,
    "sum_tiles": 0.5929782410996403
  }
}