{
  "generation": 16,
  "fitness": 30773.333333333332,
  "weights": {
    "empty": 9.18191097890691,
    "monotonicity": 3.2071013090514846,
    "smoothness": 4.8140037007289465,
    "merge_potential": 5.505411658259563,
    "max_tile": 2.32120757143253,
    "sum_tiles": 2.424088004405039
  }
}