{
  "generation": 11,
  "fitness": 30362.666666666668,
  "weights": {
    "empty": 9.18191097890691,
    "monotonicity": 3.4998728769079577,
    "smoothness": 4.779768010721678,
    "merge_potential": 5.560845556808049,
    "max_tile": 2.4487133689206324,
    "sum_tiles": 2.4293331447373627
  }
}