{
  "generation": 7,
  "fitness": 22733.333333333332,
  "weights": {
    "empty": 8.479219646205909,
    "monotonicity": 3.7932620696179917,
    "smoothness": 0.5702992558706637,
    "merge_potential": 2.3665348976118805,
    "max_tile": -2.4189332839094053,
    "sum_tiles": 6.805278453983771
  }
}