{
  "generation": 8,
  "fitness": 26930.666666666668,
  "weights": {
    "empty": 8.479219646205909,
    "monotonicity": 3.8086663073482776,
    "smoothness": 9.47542358690201,
    "merge_potential": 2.3190280655880695,
    "max_tile": -2.4189332839094053,
    "sum_tiles": 5.152185842348873
  }
}