{
  "generation": 5,
  "fitness": 23614.666666666668,
  "weights": {
    "empty": 4.868219004707914,
    "monotonicity": 3.4065293471070124,
    "smoothness": 1.6896314951749687,
    "merge_potential": 7.7754010430757745,
    "max_tile": -9.105510596563754,
    "sum_tiles": 2.5196285712719444
  }
}