{
  "generation": 10,
  "fitness": 25125.333333333332,
  "weights": {
    "empty": 6.41987456339988,
    "monotonicity": 3.4065293471070124,
    "smoothness": 1.6015665101289174,
    "merge_potential": 7.7754010430757745,
    "max_tile": 3.257396894665208,
    "sum_tiles": -7.3526833976785015
  }
}