{
  "generation": 1,
  "fitness": 20206.666666666668,
  "weights": {
    "empty": 4.1842438768747705,
    "monotonicity": 3.3085540381279994,
    "smoothness": 4.8451473406737655,
    "merge_potential": 8.26118063098782,
    "max_tile": -0.0819925982124996,
    "sum_tiles": 1.3620654753650001
  }
}